product_ref,product_name,sku,variant_name,is_base,category,claims,compliance.sale_permitted,textile.care_code,textile.fibre_composition,image.HERO,image.DETAIL,GTIN_14,countryOfOrigin,Buyer,specs.power_w
Product reference,Product name,SKU,Variant name,Base variant,Category,Claims,Permitted for sale,Care instructions,Fibre composition,Image - hero,Image - detail,GTIN,Country of origin,Buyer,Rated power
required; your own id for the line; rows sharing one are variants of it,"required; the line, as a shopper would see it",required; unique per row; what everybody outside your systems says,required; what distinguishes this row from its siblings,required; true on exactly one row per product reference,required; one of the codes on the Categories sheet,"optional; one entry per cell, separated by '|'",optional; safety - a person reviews any change; true or false,optional,"optional; order is part of the value; do not sort; one entry per cell, separated by '|'",required; the file name as it appears in images/ inside the bundle,required; the file name as it appears in images/ inside the bundle,optional,optional,optional,optional
PRD-101,Ashcombe Women's Long Sleeve Jersey Top,APP-101-C,Ashcombe Women's Long Sleeve Jersey Top Charcoal,false,apparel.womens.tops,,true,30-DEL-NB-I1-P,70% Merino Wool | 30% Polyamide,app-101-c-hero.svg,app-101-c-detail.svg,5000000000025,Viet Nam,A. Whitfield,1400
PRD-141,Ashcombe Women's Slim Fit Jeggings ,APP-141-B,Ashcombe Women's Slim Fit Jeggings Navy, false,apparel.womens.denim,,true,30-REG-NB-I2-W,70% Merino Wool | 30% Polyamide,app-141-b-hero.svg,app-141-b-detail.svg,5000000000298,Italy,,1400
PRD-157,Ashcombe Men's Slim Fit Poplin Shirt,APP-157-A,Ashcombe Men's Slim Fit Poplin Shirt,true,apparel.mens.shirts,,true,30-DEL-NB-I1-P,100% Cotton,app-157-a-hero.svg,app-157-a-detail.svg,5000000000403,India,R. Okonjo,
PRD-157,Ashcombe Men's Slim Fit Poplin Shirt,APP-157-B,Ashcombe Men's Slim Fit Poplin Shirt Navy,false,apparel.mens.shirts,,true, 30-DEL-NB-I1-P, 100% Cotton,app-157-b-hero.svg,app-157-b-detail.svg,5000000000410,India,,
PRD-181,Ashcombe Men's Padded Hooded Jacket,APP-181-A ,Ashcombe Men's Padded Hooded Jacket,true,apparel.mens.outerwear,,TRUE,30-REG-NB-I2-W,70% Merino Wool | 30% Polyamide,app-181-a-hero.svg,app-181-a-detail.svg,5000000000571,India,A. Whitfield ,
PRD-181,Ashcombe Men's Padded Hooded Jacket,APP-181-B,Ashcombe Men's Padded Hooded Jacket Navy,false,apparel.mens.outerwear,,true,HAND-NB-I1-F,70% Merino Wool | 30% Polyamide,app-181-b-hero.svg,app-181-b-detail.svg,5000000000578,Poland,,
PRD-189,Ashcombe Men's Showerproof Parka ,APP-189-A,Ashcombe Men's Showerproof Parka,true,apparel.mens.outerwear,,true,30-DEL-NB-I1-P,70% Merino Wool | 30% Polyamide,app-189-a-hero.svg,app-189-a-detail.svg,5000000000627,Poland,R. Okonjo,
PRD-189,Ashcombe Men's Showerproof Parka, APP-189-B,Ashcombe Men's Showerproof Parka Navy,false,apparel.mens.outerwear,,true,30-DEL-NB-I1-P,70% Merino Wool | 30% Polyamide,app-189-b-hero.svg,app-189-b-detail.svg,5000000000634,Poland,,
PRD-211,Ashcombe Children's Cotton Pyjama Set,APP-211-A,Ashcombe Children's Cotton Pyjama Set,true,apparel.kids.sleepwear,,true,HAND-NB-I1-F,55% Linen | 45% Viscose,app-211-a-hero.svg,app-211-a-detail.svg,5000000000781,China,A. Whitfield,
PRD-101,Ashcombe Women's Long Sleeve Jersey Top ,APP-101-A,Ashcombe Women's Long Sleeve Jersey Top,true,apparel.womens.tops,,true,,70% Merino Wool | 30% Polyamide,app-101-a-hero.svg, app-101-a-detail.svg,5000000000011,Turkey,,
PRD-101,Ashcombe Women's Long Sleeve Jersey Top,APP-101-B,Ashcombe Women's Long Sleeve Jersey Top Navy,false,apparel.womens.tops ,made-in-britain ,true,,100% Polyester,app-101-b-hero.svg,app-101-b-detail.svg ,5000000000018, United Kingdom,R. Okonjo,
PRD-141,Ashcombe Women's Slim Fit Jeggings,APP-141-A,Ashcombe Women's Slim Fit Jeggings,true,apparel.womens.denim,,true,,100% Polyester,app-141-a-hero.svg,app-141-a-detail.svg,5000000000291,Viet Nam,,
PRD-141,Ashcombe Women's Slim Fit Jeggings,APP-141-C,Ashcombe Women's Slim Fit Jeggings Charcoal,false,apparel.womens.denim,,true,,100% Cotton,app-141-c-hero.svg,app-141-c-detail.svg,5000000000305,India,A. Whitfield,
PRD-197 ,Ashcombe Boys' Cotton T-Shirt 3 Pack,APP-197-A,Ashcombe Boys' Cotton T-Shirt 3 Pack,true ,apparel.kids.tops,,Yes,,100% Cotton,app-197-a-hero.svg,app-197-a-detail.svg,5000000000683,China,,
PRD-197,Ashcombe Boys' Cotton T-Shirt 3 Pack,APP-197-B,Ashcombe Boys' Cotton T-Shirt 3 Pack Navy, false,apparel.kids.tops,,true,,95% Cotton | 5% Elastane,app-197-b-hero.svg,app-197-b-detail.svg,5000000000690,Portugal,R. Okonjo,
PRD-211,Ashcombe Children's Cotton Pyjama Set,APP-211-B,Ashcombe Children's Cotton Pyjama Set Navy,false,apparel.kids.sleepwear,,true,,80% Cotton | 20% Polyester,app-211-b-hero.svg,app-211-b-detail.svg,5000000000788,Republic of Ireland ,,
PRD-234,Ashfleet Chelsea Ankle Boots,APP-234-B,Ashfleet Chelsea Ankle Boots Navy,false,apparel.footwear.boots,,true,,55% Linen | 45% Viscose,app-234-b-hero.svg,app-234-b-detail.svg,5000000000949,Viet Nam ,A. Whitfield,
PRD-223,Ashfleet Canvas Lace-Up Trainers,APP-223-A,Ashfleet Canvas Lace-Up Trainers,true, apparel.footwear.trainers,clinically proven ,false,HAND-NB-I1-F , 100% Cotton,app-223-a-hero.svg,app-223-a-detail.svg,5000000000865,Italy,,
PRD-234,Ashfleet Chelsea Ankle Boots,APP-234-A,Ashfleet Chelsea Ankle Boots,true,apparel.footwear.boots,cures dry skin,false,HAND-NB-I1-F,60% Cotton | 40% Polyester,app-234-a-hero.svg,app-234-a-detail.svg,5000000000942,India,R. Okonjo,
PRD-ASH901,Ashfleet Chukka Boots,ASH-901-A,Ashfleet Chukka Boots,true,apparel.footwear.boots,made-in-britain,true,HAND-NB-I1-F,70% Merino Wool | 30% Polyamide,ash-901-a-hero.svg, ash-901-a-detail.svg,03482623033680,Italy,,
 PRD-ASH902,Ashfleet Running Trainers,ASH-902-A,Ashfleet Running Trainers,true,apparel.footwear.trainers,,true,30-REG-NB-I2-W,100% Polyester,ash-902-a-hero.svg,ash-902-a-detail.svg,06931607305468,Spain, A. Whitfield,
PRD-ASH903,Ashfleet Sleepsuit,ASH-903-A,Ashfleet Sleepsuit,Y,apparel.kids.sleepwear,made-in-britain,,30-REG-NB-I2-W,55% Linen | 45% Viscose,ash-903-a-hero.svg,ash-903-a-detail.svg,03751062640251,Czechia,,
PRD-ASH904,Ashfleet Kids T-Shirt,ASH-904-A,Ashfleet Kids T-Shirt,true,apparel.kids.tops,made-in-britain,true,30-REG-NB-I2-W,70% Merino Wool | 30% Polyamide,ash-904-a-hero.svg,ash-904-a-detail.svg,08672126046490,France, R. Okonjo,
PRD-ASH905,Ashfleet Quilted Jacket,ASH-905-A,Ashfleet Quilted Jacket,Yes,apparel.mens.outerwear,made-in-britain,TRUE,HAND-NB-I1-F,55% Linen | 45% Viscose,ash-905-a-hero.svg,ash-905-a-detail.svg,01599986153303,United Kingdom,,
PRD-ASH905,Ashfleet Quilted Jacket,ASH-905-B,Ashfleet Quilted Jacket Premium,false,apparel.mens.outerwear,made-in-britain,Y,HAND-NB-I1-F,70% Merino Wool | 30% Polyamide,ash-905-b-hero.svg, ash-905-b-detail.svg,02877971181108,Spain,A. Whitfield,
PRD-ASH906,Ashfleet Flannel Check Shirt,ASH-906-A,Ashfleet Flannel Check Shirt,true,apparel.mens.shirts,made-in-britain,true,30-DEL-NB-I1-P,,ash-906-a-hero.svg,ash-906-a-detail.svg,01253234959005,United Kingdom,,
PRD-ASH906,Ashfleet Flannel Check Shirt,ASH-906-B,Ashfleet Flannel Check Shirt Everyday,false,apparel.mens.shirts,made-in-britain,TRUE,HAND-NB-I1-F,55% Linen | 45% Viscose,ash-906-b-hero.svg,ash-906-b-detail.svg,09237477102429,Germany ,R. Okonjo,
