product_ref,product_name,sku,variant_name,is_base,category,claims,compliance.certificate_ref,compliance.min_age,compliance.sale_permitted,pack.net_quantity,pack.unit,specs.battery_type,image.HERO,image.DETAIL,GTIN_14,countryOfOrigin,Buyer
Product reference,Product name,SKU,Variant name,Base variant,Category,Claims,Conformity certificate,Minimum age (years),Permitted for sale,Net quantity,Net quantity unit,Cell type,Image - hero,Image - detail,GTIN,Country of origin,Buyer
required; your own id for the line; rows sharing one are variants of it,"required; the line, as a shopper would see it",required; unique per row; what everybody outside your systems says,required; what distinguishes this row from its siblings,required; true on exactly one row per product reference,required; one of the codes on the Categories sheet,"optional; one entry per cell, separated by '|'","optional; applies to general.diy.handtools, general.diy.paint, general.garden.bbq, general.garden.tools, and 2 more only","optional; safety - a person reviews any change; applies to general.diy.handtools only; the number only, in years - never '65 years'",optional; safety - a person reviews any change; true or false,"optional; applies to general.diy.paint, general.pet.accessories, general.pet.dogfood only","optional; applies to general.diy.paint, general.pet.accessories, general.pet.dogfood only","optional; safety - a person reviews any change; applies to general.toys.games, general.toys.outdoor only",required; the file name as it appears in images/ inside the bundle,optional; the file name as it appears in images/ inside the bundle,optional,optional,optional
PRD-129,Draycott Paddling Pool 2 m,GEN-129-A,Draycott Paddling Pool 2 m,true,general.toys.outdoor,,UKCA-2966,,true,,,Lithium-ion 3.7 V 2000 mAh,gen-129-a-hero.svg,gen-129-a-detail.svg,5000000000207,Turkey,A. Whitfield
PRD-137,Fenwold Stainless Garden Spade,GEN-137-A,Fenwold Stainless Garden Spade,true,general.garden.tools,,EN71-3-2998,,true,,,,gen-137-a-hero.svg,gen-137-a-detail.svg,5000000000263,India,
PRD-137,Fenwold Stainless Garden Spade,GEN-137-B,Fenwold Stainless Garden Spade Plus,false,general.garden.tools,,EN71-3-2851,,true,,,,gen-137-b-hero.svg,gen-137-b-detail.svg,5000000000270,Viet Nam,R. Okonjo
PRD-137,Fenwold Stainless Garden Spade,GEN-137-C,Fenwold Stainless Garden Spade Max,false,general.garden.tools,made-in-britain,DOC-CE-2859,,Yes,,,,gen-137-c-hero.svg,gen-137-c-detail.svg,5000000000277,United Kingdom,
PRD-169,Ashcombe Complete Dry Dog Food Chicken 3 kg,GEN-169-C,Ashcombe Complete Dry Dog Food Chicken 3 kg Large Pack,false,general.pet.dogfood,,,,true,730.0,g,,gen-169-c-hero.svg,gen-169-c-detail.svg,5000000000501,China,A. Whitfield
PRD-177,Ashcombe Dog Food Trays Mixed 12 x 150 g,GEN-177-A ,Ashcombe Dog Food Trays Mixed 12 x 150 g ,Yes,general.pet.dogfood,,,,true,310.0,g,,gen-177-a-hero.svg,gen-177-a-detail.svg,5000000000543,China,
PRD-185,Ashcombe Padded Dog Harness Medium,GEN-185-A,Ashcombe Padded Dog Harness Medium,true ,general.pet.accessories,,,,true,250.0,g,,gen-185-a-hero.svg,gen-185-a-detail.svg,5000000000599 ,Republic of Ireland,R. Okonjo
PRD-185,Ashcombe Padded Dog Harness Medium,GEN-185-B, Ashcombe Padded Dog Harness Medium Multipack,false,general.pet.accessories,,,,true,1010.0, g,,gen-185-b-hero.svg ,gen-185-b-detail.svg,5000000000606 ,Poland,
PRD-185,Ashcombe Padded Dog Harness Medium,GEN-185-C,Ashcombe Padded Dog Harness Medium Large Pack,false ,general.pet.accessories,,,,true,1070.0,ml,,gen-185-c-hero.svg,gen-185-c-detail.svg,5000000000613,India,A. Whitfield
PRD-193,Ashcombe Cat Scratching Post 50 cm,GEN-193-A,Ashcombe Cat Scratching Post 50 cm,true,general.pet.accessories,,,,true,1170.0,g,,gen-193-a-hero.svg,gen-193-a-detail.svg,5000000000655,Turkey,
PRD-193,Ashcombe Cat Scratching Post 50 cm,GEN-193-B,Ashcombe Cat Scratching Post 50 cm Multipack,false ,general.pet.accessories,,,,true,750.0,g,,gen-193-b-hero.svg,gen-193-b-detail.svg,5000000000662 ,Poland,R. Okonjo 
 PRD-193,Ashcombe Cat Scratching Post 50 cm ,GEN-193-C,Ashcombe Cat Scratching Post 50 cm Large Pack,false, general.pet.accessories,made-in-britain,,,true,210.0,g,,gen-193-c-hero.svg,gen-193-c-detail.svg,5000000000669,United Kingdom,
PRD-214,Ashcombe Matt Emulsion Paint White 2.5 L,GEN-214-B,Ashcombe Matt Emulsion Paint White 2.5 L Plus,false,general.diy.paint,,EN71-3-2859,,true,270.0,ml,,gen-214-b-hero.svg,gen-214-b-detail.svg,5000000000809,India,A. Whitfield
PRD-220,Ashcombe Gloss Wood Paint 750 ml,GEN-220-A,Ashcombe Gloss Wood Paint 750 ml,true,general.diy.paint,,EN71-3-2564,,Yes,660.0,g,,gen-220-a-hero.svg,gen-220-a-detail.svg,5000000000844,Viet Nam,
PRD-226,Ashcombe A4 Printer Paper 500 Sheets,GEN-226-A,Ashcombe A4 Printer Paper 500 Sheets,true,general.stationery.paper,,,,true,,,,gen-226-a-hero.svg,gen-226-a-detail.svg ,5000000000886,Portugal,R. Okonjo
PRD-214,Ashcombe Matt Emulsion Paint White 2.5 L,GEN-214-A,Ashcombe Matt Emulsion Paint White 2.5 L,true,general.diy.paint,,CE-2026-13710,,true,N/A,ml,,gen-214-a-hero.svg,gen-214-a-detail.svg,5000000000802,Portugal,
PRD-169,Ashcombe Complete Dry Dog Food Chicken 3 kg,GEN-169-B,Ashcombe Complete Dry Dog Food Chicken 3 kg Multipack,false,general.pet.dogfood,,,,true,"40,0",g,,gen-169-b-hero.svg,gen-169-b-detail.svg,5000000000494,Turkey,A. Whitfield
PRD-169,Ashcombe Complete Dry Dog Food Chicken 3 kg,GEN-169-A,Ashcombe Complete Dry Dog Food Chicken 3 kg,true,general.pet.dogfood,made-in-britain,,,true,610.0,ml,,gen-169-a-hero.svg,gen-169-a-detail.svg,5000000000487,United Kingdom,
PRD-121,Draycott Garden Trampoline 8 ft,GEN-121-A,Draycott Garden Trampoline 8 ft,Y,general.toys.outdoor,,,,true,,,Lithium polymer 3.8 V,gen-121-a-hero.svg ,gen-121-a-detail.svg,5000000000151,Italy,R. Okonjo
PRD-121, Draycott Garden Trampoline 8 ft,GEN-121-B,Draycott Garden Trampoline 8 ft Plus,false, general.toys.outdoor,,,,true,,,CR2032 coin cell,gen-121-b-hero.svg,gen-121-b-detail.svg,5000000000158,Italy,
PRD-121,Draycott Garden Trampoline 8 ft,GEN-121-C,Draycott Garden Trampoline 8 ft Max,false,general.toys.outdoor,,,,true,,,Lithium polymer 3.8 V,gen-121-c-hero.svg,gen-121-c-detail.svg,5000000000165,Poland,A. Whitfield
PRD-201,Fenwold 12 Piece Screwdriver Set,GEN-201-A,Fenwold 12 Piece Screwdriver Set,true,general.diy.handtools,,,18,true ,,,,gen-201-a-hero.svg,gen-201-a-detail.svg,5000000000711,Portugal,
PRD-201, Fenwold 12 Piece Screwdriver Set,GEN-201-B, Fenwold 12 Piece Screwdriver Set Plus, false,general.diy.handtools,,,18,true,,,,gen-201-b-hero.svg,gen-201-b-detail.svg,5000000000718 ,Portugal,R. Okonjo
PRD-226,Ashcombe A4 Printer Paper 500 Sheets,GEN-226-B,Ashcombe A4 Printer Paper 500 Sheets Plus,false,general.stationery.paper, clinically proven,,,N,,,,gen-226-b-hero.svg,gen-226-b-detail.svg,5000000000893, Portugal,
PRD-226,Ashcombe A4 Printer Paper 500 Sheets,GEN-226-C,Ashcombe A4 Printer Paper 500 Sheets Max,false,general.stationery.paper, cures dry skin,,,false,,,,gen-226-c-hero.svg,gen-226-c-detail.svg,5000000000900,China,A. Whitfield
PRD-FEN901,Fenwold Claw Hammer ,FEN-901-A,Fenwold Claw Hammer,true,general.diy.handtools,made-in-britain,CE-2026-15033,16,true,,,,fen-901-a-hero.svg , fen-901-a-detail.svg,02695363885991,Vietnam,
PRD-FEN902,Fenwold Primer Undercoat,FEN-902-A,Fenwold Primer Undercoat,true ,general.diy.paint,made-in-britain ,CE-2026-84552,,true,275.0,g,,fen-902-a-hero.svg,fen-902-a-detail.svg,,Spain,R. Okonjo
PRD-FEN903,Fenwold Border Spade,FEN-903-A,Fenwold Border Spade,true,general.garden.tools,made-in-britain,CE-2026-12070,,,,,,fen-903-a-hero.svg,fen-903-a-detail.svg,03889633090575,Czechia,
 PRD-FEN904,Fenwold Grooming Brush ,FEN-904-A ,Fenwold Grooming Brush,true,general.pet.accessories,made-in-britain,,, true,610.0,ml,,fen-904-a-hero.svg,fen-904-a-detail.svg,09958522349784,Spain,A. Whitfield
PRD-FEN904,Fenwold Grooming Brush,FEN-904-B,Fenwold Grooming Brush Standard,false,general.pet.accessories,made-in-britain,,,Yes,279.0,ml,,fen-904-b-hero.svg,fen-904-b-detail.svg,07935899254941 ,Germany,
PRD-FEN905,Fenwold Puppy Dry Food,FEN-905-A,Fenwold Puppy Dry Food,true,general.pet.dogfood,made-in-britain,,,true,730.0,g ,,fen-905-a-hero.svg,fen-905-a-detail.svg,07393409313430,China,R. Okonjo
PRD-FEN905,Fenwold Puppy Dry Food,FEN-905-B,Fenwold Puppy Dry Food Standard,false,general.pet.dogfood,made-in-britain,,,true,671.0,ml,,fen-905-b-hero.svg,fen-905-b-detail.svg,04425970764621,Portugal,
PRD-FEN906,Fenwold Hardback Notebook,FEN-906-A,Fenwold Hardback Notebook,true,general.stationery.paper,made-in-britain,,,true,,,, fen-906-a-hero.svg,fen-906-a-detail.svg,,France,A. Whitfield
